id,first_name,last_name,email,gender,weight,height
1,Gianni,Bollins,gbollins0@ucla.edu,Male,138,180
2,Daisy,Thairs,dthairs1@cbsnews.com,Female,70,171
3,Inesita,Annott,iannott2@netlog.com,Female,125,141
4,Bourke,Di Francesco,bdifrancesco3@utexas.edu,Male,139,160
5,Rip,Kippins,rkippins4@forbes.com,Male,101,152
6,Patsy,Merrill,pmerrill5@phoca.cz,Male,76,158
7,Anna-diane,Lethem,alethem6@posterous.com,Female,98,189
8,Martyn,Stidston,mstidston7@sfgate.com,Male,145,153
9,Hailey,Loosley,hloosley8@cam.ac.uk,Male,61,185
10,Hale,Ferrierio,hferrierio9@newyorker.com,Male,133,169
11,Annabel,Westphal,awestphala@washingtonpost.com,Female,113,151
12,Britte,MacCallister,bmaccallisterb@cargocollective.com,Female,112,147
13,Jorgan,Sellack,jsellackc@whitehouse.gov,Male,112,176
14,Moshe,Woolley,mwoolleyd@jiathis.com,Male,44,156
15,Wainwright,Schenkel,wschenkele@e-recht24.de,Male,120,187
16,Margaretha,Fattorini,mfattorinif@photobucket.com,Female,51,161
17,Rodrigo,Lurriman,rlurrimang@psu.edu,Male,49,160
18,Iago,Yegorchenkov,iyegorchenkovh@symantec.com,Male,67,173
19,Nari,Guard,nguardi@woothemes.com,Female,67,158
20,Roch,Flatt,rflattj@berkeley.edu,Female,49,151
21,Durante,Ovesen,dovesenk@earthlink.net,Male,62,178
22,Kory,Gehringer,kgehringerl@freewebs.com,Male,103,182
23,Angil,Mateus,amateusm@skype.com,Female,102,145
24,Bunni,Elsley,belsleyn@usgs.gov,Female,117,182
25,Alethea,Giacoboni,agiacobonio@ftc.gov,Female,139,146
26,Bernie,Shevill,bshevillp@topsy.com,Female,83,152
27,Colby,Tigwell,ctigwellq@mail.ru,Male,64,160
28,Ursula,Grasner,ugrasnerr@histats.com,Female,69,144
29,Northrup,Poxton,npoxtons@joomla.org,Male,40,154
30,Sherm,Veysey,sveyseyt@bandcamp.com,Male,97,158
31,Ashli,Whitlam,awhitlamu@europa.eu,Female,132,166
32,Steffen,Hayth,shaythv@seattletimes.com,Male,95,188
33,Corliss,Grishukhin,cgrishukhinw@edublogs.org,Female,91,179
34,Dewitt,Beadles,dbeadlesx@cnet.com,Male,84,185
35,Caritta,Jakoubec,cjakoubecy@bluehost.com,Female,67,150
36,Emerson,Bartak,ebartakz@istockphoto.com,Male,76,170
37,Graehme,Johnsson,gjohnsson10@squidoo.com,Male,90,174
38,Howard,Madine,hmadine11@cargocollective.com,Male,82,141
39,Lida,Jost,ljost12@yellowbook.com,Female,122,146
40,Lynea,Kintish,lkintish13@linkedin.com,Female,98,158
41,Clywd,Kubat,ckubat14@4shared.com,Male,43,149
42,Theodore,Gyrgorcewicx,tgyrgorcewicx15@goo.gl,Male,81,171
43,Gray,Plimmer,gplimmer16@goo.gl,Male,135,148
44,Jasper,Marskell,jmarskell17@zdnet.com,Male,81,184
45,Beckie,Stearndale,bstearndale18@oaic.gov.au,Female,68,141
46,Corrianne,Cornhill,ccornhill19@360.cn,Female,76,177
47,Dominik,Rowler,drowler1a@google.cn,Male,112,157
48,Curran,Shurman,cshurman1b@yale.edu,Male,73,188
49,Emyle,Whaites,ewhaites1c@dot.gov,Female,136,152
50,Mel,Shelsher,mshelsher1d@meetup.com,Female,129,143
51,Myrta,Higgen,mhiggen1e@xrea.com,Female,90,165
52,Michelina,Byrnes,mbyrnes1f@jugem.jp,Female,78,154
53,Aguie,Bakhrushkin,abakhrushkin1g@usa.gov,Male,95,184
54,Carmel,Levison,clevison1h@mashable.com,Female,136,171
55,Jolynn,Turbard,jturbard1i@themeforest.net,Female,68,166
56,Thornton,Birtonshaw,tbirtonshaw1j@last.fm,Male,129,185
57,Edward,Mewe,emewe1k@telegraph.co.uk,Male,73,165
58,Joyce,Burdge,jburdge1l@ft.com,Female,61,185
59,Shauna,Staddom,sstaddom1m@51.la,Female,50,186
60,Shepard,Phipard-Shears,sphipardshears1n@narod.ru,Male,59,170
61,Enoch,Downgate,edowngate1o@chicagotribune.com,Male,98,140
62,Brodie,Bampkin,bbampkin1p@weibo.com,Male,48,179
63,Mohammed,Matthaus,mmatthaus1q@msn.com,Male,134,190
64,Thaddeus,Margerrison,tmargerrison1r@blinklist.com,Male,128,153
65,Ingar,Moodie,imoodie1s@mysql.com,Male,123,161
66,Lebbie,Ferneley,lferneley1t@slate.com,Female,79,169
67,Silvano,Mitkcov,smitkcov1u@blogs.com,Male,52,165
68,Inna,Hully,ihully1v@ft.com,Female,93,161
69,Corty,Bertrand,cbertrand1w@jalbum.net,Male,60,189
70,Gallagher,Obbard,gobbard1x@cnn.com,Male,93,176
71,Arther,Rowlett,arowlett1y@dagondesign.com,Male,123,151
72,Ivett,Dancer,idancer1z@studiopress.com,Female,49,159
73,Ginnifer,Rickett,grickett20@yellowbook.com,Female,52,177
74,Cecil,Ettridge,cettridge21@qq.com,Male,87,177
75,Frederico,Larrington,flarrington22@trellian.com,Male,68,155
76,Ignatius,Woodhead,iwoodhead23@icq.com,Male,62,144
77,Abbey,Fullerton,afullerton24@github.com,Female,120,175
78,Meridith,Karpets,mkarpets25@mlb.com,Female,113,156
79,Ced,Elnough,celnough26@sciencedaily.com,Male,42,164
80,Ogden,Barmadier,obarmadier27@cdbaby.com,Male,143,164
81,Waldo,Revening,wrevening28@naver.com,Male,62,164
82,Arleen,McTeer,amcteer29@fastcompany.com,Female,116,177
83,Dario,Stanluck,dstanluck2a@ehow.com,Male,86,161
84,Melita,Pemble,mpemble2b@paginegialle.it,Female,98,163
85,Zelig,McMakin,zmcmakin2c@webmd.com,Male,77,140
86,Iormina,Dennington,idennington2d@purevolume.com,Female,94,165
87,Carmine,Joret,cjoret2e@accuweather.com,Female,143,168
88,Sidney,Pollendine,spollendine2f@toplist.cz,Male,80,157
89,Guntar,Finnemore,gfinnemore2g@latimes.com,Male,77,167
90,Elene,Hesey,ehesey2h@miitbeian.gov.cn,Female,136,157
91,Clarie,Bus,cbus2i@huffingtonpost.com,Female,96,151
92,Andonis,Curd,acurd2j@istockphoto.com,Male,48,141
93,Miof mela,Gouldstone,mgouldstone2k@yahoo.com,Female,45,175
94,Germain,Duffin,gduffin2l@auda.org.au,Male,110,148
95,Dacia,Burrell,dburrell2m@msn.com,Female,62,153
96,Moina,Weson,mweson2n@mashable.com,Female,42,148
97,Talbot,Philippson,tphilippson2o@soundcloud.com,Male,141,147
98,Almira,Dye,adye2p@google.co.jp,Female,86,188
99,Giavani,Oldale,goldale2q@g.co,Male,74,175
100,Cecile,Mintoft,cmintoft2r@facebook.com,Female,52,154
101,Sherlocke,Beagan,sbeagan2s@hud.gov,Male,100,190
102,Lanie,Pautot,lpautot2t@so-net.ne.jp,Male,81,184
103,Cece,Cutforth,ccutforth2u@yellowpages.com,Male,142,173
104,Shadow,Veivers,sveivers2v@howstuffworks.com,Male,63,189
105,Danette,McGeorge,dmcgeorge2w@icq.com,Female,119,189
106,Read,Eliesco,reliesco2x@europa.eu,Male,116,166
107,Vin,Tressler,vtressler2y@github.com,Male,79,157
108,Randy,Heinecke,rheinecke2z@redcross.org,Female,116,177
109,Thea,Snowling,tsnowling30@nba.com,Female,146,170
110,Avery,Redier,aredier31@squarespace.com,Male,89,158
111,Emelita,McAllen,emcallen32@cbc.ca,Female,127,147
112,Lesya,Carette,lcarette33@google.co.jp,Female,132,160
113,Hertha,Thominga,hthominga34@shareasale.com,Female,53,162
114,Kelsey,Belchamp,kbelchamp35@forbes.com,Male,52,174
115,Urbanus,Gurge,ugurge36@google.com.hk,Male,121,143
116,Davon,Coffin,dcoffin37@icq.com,Male,103,158
117,Alphonse,Methven,amethven38@nps.gov,Male,47,174
118,Eolande,Somner,esomner39@ow.ly,Female,92,156
119,Pietro,Hare,phare3a@printfriendly.com,Male,103,158
120,Samara,Tuxsell,stuxsell3b@noaa.gov,Female,132,147
121,Seline,Placstone,splacstone3c@creativecommons.org,Female,60,155
122,Joann,Sabatier,jsabatier3d@upenn.edu,Female,50,169
123,Newton,McCluin,nmccluin3e@economist.com,Male,99,158
124,Kevan,Valett,kvalett3f@parallels.com,Male,142,187
125,Brina,Riediger,briediger3g@msu.edu,Female,50,166
126,Bobby,Headan,bheadan3h@exblog.jp,Female,111,188
127,Gerry,Tibalt,gtibalt3i@webmd.com,Female,125,152
128,Jessica,Adkins,jadkins3j@moonfruit.com,Female,104,148
129,Sly,Litzmann,slitzmann3k@latimes.com,Male,87,158
130,Truman,Paling,tpaling3l@themeforest.net,Male,97,185
131,Daren,Mauditt,dmauditt3m@usda.gov,Male,57,170
132,Jen,Blackesland,jblackesland3n@prweb.com,Female,113,152
133,Dante,Bendin,dbendin3o@g.co,Male,97,171
134,Ravi,Bonhomme,rbonhomme3p@purevolume.com,Male,147,169
135,Deeann,Zambonini,dzambonini3q@ycombinator.com,Female,77,159
136,Annmarie,Siney,asiney3r@deliciousdays.com,Female,97,177
137,Lexi,Wooffitt,lwooffitt3s@pbs.org,Female,143,166
138,Benedikt,Paull,bpaull3t@netlog.com,Male,60,188
139,Marylee,Henryson,mhenryson3u@narod.ru,Female,119,161
140,Skye,Avraham,savraham3v@wired.com,Male,134,168
141,Kelsi,Euels,keuels3w@opensource.org,Female,109,150
142,Zack,Tinghill,ztinghill3x@lulu.com,Male,92,186
143,Darya,Schofield,dschofield3y@yellowbook.com,Female,113,145
144,Gary,Snufflebottom,gsnufflebottom3z@comsenz.com,Male,109,143
145,Hubert,Tice,htice40@chron.com,Male,131,157
146,Parke,Doyley,pdoyley41@nationalgeographic.com,Male,78,175
147,Brendin,Comsty,bcomsty42@studiopress.com,Male,99,184
148,Kial,Naseby,knaseby43@ask.com,Female,78,149
149,Alastair,Tidy,atidy44@telegraph.co.uk,Male,77,148
150,Llewellyn,Wookey,lwookey45@e-recht24.de,Male,96,150
151,Stern,Blissett,sblissett46@example.com,Male,98,174
152,Rip,Deroche,rderoche47@so-net.ne.jp,Male,90,170
153,Orel,Woolsey,owoolsey48@google.com.br,Female,107,190
154,Wylma,Maffin,wmaffin49@java.com,Female,149,166
155,Jareb,Curzey,jcurzey4a@tinypic.com,Male,73,143
156,Jana,Ducarne,jducarne4b@ucla.edu,Female,135,161
157,Igor,Gilardengo,igilardengo4c@wikispaces.com,Male,72,146
158,Ingrid,Fearnall,ifearnall4d@histats.com,Female,122,187
159,Claire,Berthomier,cberthomier4e@spotify.com,Female,50,176
160,Cordy,Larrosa,clarrosa4f@timesonline.co.uk,Female,142,147
161,Moselle,Gateland,mgateland4g@rediff.com,Female,91,188
162,Kamillah,Verbrugge,kverbrugge4h@seesaa.net,Female,47,169
163,Philbert,Bergeau,pbergeau4i@sitemeter.com,Male,134,186
164,Mireille,Linskill,mlinskill4j@eepurl.com,Female,88,145
165,Gregorius,Melmoth,gmelmoth4k@yellowbook.com,Male,45,186
166,Melessa,Nattrass,mnattrass4l@over-blog.com,Female,73,167
167,Cesya,Entwisle,centwisle4m@weather.com,Female,51,153
168,Almire,Glavias,aglavias4n@yolasite.com,Female,69,149
169,Tobie,Maben,tmaben4o@digg.com,Male,103,165
170,Henka,Francie,hfrancie4p@360.cn,Female,105,162
171,Rem,Carrabott,rcarrabott4q@privacy.gov.au,Male,95,171
172,Jackquelin,Hardbattle,jhardbattle4r@geocities.com,Female,98,155
173,Karl,Livoir,klivoir4s@zimbio.com,Male,67,182
174,Lindsy,Balassa,lbalassa4t@illinois.edu,Female,79,147
175,Killy,Devenny,kdevenny4u@godaddy.com,Male,91,143
176,Berky,Bottomore,bbottomore4v@rediff.com,Male,70,187
177,Chickie,Steanson,csteanson4w@phpbb.com,Male,54,159
178,Bernita,Roseblade,broseblade4x@woothemes.com,Female,63,148
179,Larine,Demead,ldemead4y@themeforest.net,Female,67,163
180,Felicle,Nafziger,fnafziger4z@webnode.com,Female,129,187
181,Tony,Cattrell,tcattrell50@cyberchimps.com,Male,60,146
182,Meryl,Claydon,mclaydon51@ca.gov,Male,141,174
183,Lilly,Diggell,ldiggell52@indiatimes.com,Female,57,165
184,Edi,Scurrah,escurrah53@yandex.ru,Female,71,152
185,Charita,Keward,ckeward54@cocolog-nifty.com,Female,140,166
186,Boris,Rowson,browson55@skype.com,Male,57,143
187,Phyllida,Sherar,psherar56@jigsy.com,Female,94,164
188,Dalton,Geffe,dgeffe57@dagondesign.com,Male,131,143
189,Schuyler,Lendrem,slendrem58@webs.com,Male,132,186
190,Waldo,Purser,wpurser59@typepad.com,Male,107,176
191,Angelo,Cutts,acutts5a@cyberchimps.com,Male,83,186
192,Bili,Renon,brenon5b@furl.net,Female,42,151
193,Norene,Grooby,ngrooby5c@arstechnica.com,Female,135,168
194,Pier,Geraudy,pgeraudy5d@livejournal.com,Female,140,178
195,Gradeigh,Hodgin,ghodgin5e@meetup.com,Male,121,167
196,Gerty,Woolhouse,gwoolhouse5f@ftc.gov,Female,109,175
197,Page,Howieson,phowieson5g@google.de,Male,111,149
198,Sheff,Fernandez,sfernandez5h@vk.com,Male,126,164
199,Sigvard,Madsen,smadsen5i@arizona.edu,Male,109,186
200,Kayla,Raulin,kraulin5j@diigo.com,Female,90,181
201,Robin,Wherrett,rwherrett5k@issuu.com,Female,113,182
202,Layne,Dragonette,ldragonette5l@zdnet.com,Female,56,184
203,Gusti,Ebbing,gebbing5m@flickr.com,Female,68,172
204,Gertrude,Rookesby,grookesby5n@reference.com,Female,72,185
205,Daniele,Spencley,dspencley5o@yellowpages.com,Female,102,187
206,Penny,Krammer,pkrammer5p@indiegogo.com,Female,103,189
207,Stanleigh,Mc Gee,smcgee5q@stumbleupon.com,Male,52,153
208,Amandie,Samter,asamter5r@nyu.edu,Female,146,161
209,Garald,Archley,garchley5s@ycombinator.com,Male,85,160
210,Kare,Hawker,khawker5t@is.gd,Female,113,181
211,Elke,Almak,ealmak5u@yandex.ru,Female,93,187
212,Lowrance,Amner,lamner5v@surveymonkey.com,Male,100,150
213,Mortimer,Parade,mparade5w@amazonaws.com,Male,84,148
214,Werner,Fadden,wfadden5x@gizmodo.com,Male,79,182
215,Yank,Olwen,yolwen5y@pagesperso-orange.fr,Male,94,145
216,Koral,Fishleigh,kfishleigh5z@example.com,Female,75,179
217,Eleanore,Lambird,elambird60@washingtonpost.com,Female,41,143
218,Adelina,Mackie,amackie61@gizmodo.com,Female,124,145
219,Odie,Buckhurst,obuckhurst62@ihg.com,Male,76,151
220,Armin,Gimblett,agimblett63@jugem.jp,Male,127,154
221,Sylvia,Wealleans,swealleans64@rediff.com,Female,69,173
222,Janessa,Whapple,jwhapple65@utexas.edu,Female,62,164
223,Shani,Calterone,scalterone66@i2i.jp,Female,121,178
224,Yankee,McGillreich,ymcgillreich67@loc.gov,Male,142,181
225,Alyssa,Vannoort,avannoort68@usatoday.com,Female,61,160
226,Lion,Shilston,lshilston69@hatena.ne.jp,Male,130,188
227,Godfry,Curneen,gcurneen6a@google.de,Male,137,159
228,Mabelle,Whittuck,mwhittuck6b@wp.com,Female,50,162
229,Raphael,Childs,rchilds6c@state.tx.us,Male,99,159
230,Staci,Prosek,sprosek6d@wix.com,Female,51,188
231,Nicolai,Alecock,nalecock6e@cyberchimps.com,Male,64,150
232,Allegra,Hurle,ahurle6f@moonfruit.com,Female,141,146
233,Phineas,Klimp,pklimp6g@webeden.co.uk,Male,76,170
234,Christy,Hannigan,channigan6h@census.gov,Female,116,186
235,Devinne,Poundford,dpoundford6i@blogspot.com,Female,129,165
236,Freddie,Folini,ffolini6j@comsenz.com,Female,112,190
237,Hagen,Dunklee,hdunklee6k@sun.com,Male,68,172
238,Scottie,Harefoot,sharefoot6l@reference.com,Male,67,146
239,Cherri,Rayson,crayson6m@nasa.gov,Female,136,165
240,Sofia,Roylance,sroylance6n@patch.com,Female,116,186
241,Flin,Clausius,fclausius6o@360.cn,Male,79,154
242,Rutger,Becaris,rbecaris6p@xing.com,Male,95,155
243,Aguistin,Fawlks,afawlks6q@toplist.cz,Male,44,143
244,Padraic,Siderfin,psiderfin6r@amazon.com,Male,133,150
245,Lothario,McGrann,lmcgrann6s@state.tx.us,Male,108,143
246,Jehu,Yanshonok,jyanshonok6t@yellowpages.com,Male,57,173
247,Foster,Longlands,flonglands6u@opensource.org,Male,106,153
248,Brianne,Jockle,bjockle6v@usgs.gov,Female,84,165
249,Bearnard,Ringsell,bringsell6w@yelp.com,Male,51,160
250,Godard,Mayall,gmayall6x@tuttocitta.it,Male,109,158
251,Edan,Norrington,enorrington6y@house.gov,Male,86,183
252,Marj,McCart,mmccart6z@xrea.com,Female,137,170
253,Noble,Attack,nattack70@imdb.com,Male,143,149
254,Roth,Plumm,rplumm71@google.it,Male,46,186
255,Augy,Tibalt,atibalt72@woothemes.com,Male,115,171
256,Katusha,Tyrie,ktyrie73@cdbaby.com,Female,52,146
257,Berke,Sheasby,bsheasby74@nifty.com,Male,114,184
258,Kaine,Brightwell,kbrightwell75@alexa.com,Male,88,186
259,Eddy,Hendriksen,ehendriksen76@theglobeandmail.com,Male,51,143
260,Francene,Levick,flevick77@shareasale.com,Female,71,144
261,Nellie,Dikels,ndikels78@nhs.uk,Female,70,146
262,Vin,Bosward,vbosward79@redcross.org,Male,46,185
263,Emmott,Arrundale,earrundale7a@aboutads.info,Male,100,170
264,Dougie,Gueinn,dgueinn7b@google.com.hk,Male,149,150
265,Elmira,Meagh,emeagh7c@discovery.com,Female,146,185
266,Nanni,Saffle,nsaffle7d@people.com.cn,Female,128,185
267,Dulciana,Gashion,dgashion7e@example.com,Female,77,189
268,Shelley,Prydden,sprydden7f@mysql.com,Female,46,156
269,Lyssa,Ast,last7g@ehow.com,Female,102,186
270,Lottie,Myrick,lmyrick7h@examiner.com,Female,72,181
271,Catharine,Antosch,cantosch7i@cisco.com,Female,127,148
272,Zebadiah,Worlidge,zworlidge7j@blog.com,Male,106,171
273,Munroe,O'Geaney,mogeaney7k@about.com,Male,114,146
274,Jimmie,Piwell,jpiwell7l@istockphoto.com,Male,72,173
275,Wye,Schinetti,wschinetti7m@yellowbook.com,Male,136,166
276,Ivie,Goodnow,igoodnow7n@list-manage.com,Female,149,181
277,Margarethe,De Vaar,mdevaar7o@ftc.gov,Female,71,163
278,Laurent,Arundale,larundale7p@wunderground.com,Male,81,158
279,Malva,Janodet,mjanodet7q@rediff.com,Female,135,174
280,Nada,Pauleau,npauleau7r@odnoklassniki.ru,Female,93,147
281,Winona,Shivell,wshivell7s@google.cn,Female,49,156
282,Andee,Cowan,acowan7t@apache.org,Female,134,146
283,Vitoria,Bosket,vbosket7u@marriott.com,Female,99,162
284,Junie,Nijs,jnijs7v@360.cn,Female,102,150
285,Sim,Matusovsky,smatusovsky7w@livejournal.com,Male,131,175
286,Ryan,Neiland,rneiland7x@360.cn,Male,45,146
287,Allissa,Batrick,abatrick7y@dell.com,Female,119,150
288,Ezri,Manifould,emanifould7z@vistaprint.com,Male,70,140
289,Quill,Goldberg,qgoldberg80@wordpress.org,Male,114,156
290,Christen,Nanelli,cnanelli81@ucoz.com,Female,78,140
291,Grazia,Tilsley,gtilsley82@icio.us,Female,105,141
292,Vincents,Goundsy,vgoundsy83@businessinsider.com,Male,99,153
293,Charlot,Leger,cleger84@blogger.com,Female,101,190
294,Hedwiga,Baulk,hbaulk85@usda.gov,Female,65,142
295,Pat,Rump,prump86@google.co.jp,Male,102,171
296,Dorri,Loalday,dloalday87@macromedia.com,Female,136,153
297,Rosamond,Frearson,rfrearson88@linkedin.com,Female,147,155
298,Genvieve,Cotelard,gcotelard89@buzzfeed.com,Female,118,157
299,Phaedra,Carman,pcarman8a@1und1.de,Female,98,151
300,Giorgia,Haslegrave,ghaslegrave8b@newyorker.com,Female,150,146
301,Raymond,Edmondson,redmondson8c@nsw.gov.au,Male,107,144
302,Gale,Barts,gbarts8d@feedburner.com,Female,138,160
303,Glennis,Ottee,gottee8e@printfriendly.com,Female,54,146
304,Bendicty,Zuppa,bzuppa8f@mac.com,Male,146,180
305,Ermanno,Burgan,eburgan8g@un.org,Male,139,179
306,Dugald,Belcham,dbelcham8h@globo.com,Male,97,184
307,Nancie,Belsham,nbelsham8i@wikimedia.org,Female,128,169
308,Othella,Fearn,ofearn8j@networkadvertising.org,Female,84,162
309,Heidie,Jex,hjex8k@altervista.org,Female,142,144
310,Waverley,Marde,wmarde8l@istockphoto.com,Male,111,141
311,Hamnet,Risso,hrisso8m@myspace.com,Male,41,178
312,Nowell,Beardall,nbeardall8n@businessweek.com,Male,75,145
313,Dwayne,Cumpton,dcumpton8o@jugem.jp,Male,76,161
314,Mar,Stihl,mstihl8p@studiopress.com,Male,73,166
315,Bev,Josovich,bjosovich8q@economist.com,Male,58,186
316,Ivett,Dykas,idykas8r@meetup.com,Female,127,176
317,Rosalynd,Martinuzzi,rmartinuzzi8s@wordpress.com,Female,53,164
318,Melisandra,Jovovic,mjovovic8t@amazonaws.com,Female,120,163
319,Brien,Klausewitz,bklausewitz8u@yelp.com,Male,53,159
320,Aube,Lethbury,alethbury8v@reuters.com,Male,144,172
321,Justis,Avraham,javraham8w@state.gov,Male,81,189
322,Tersina,Jozsika,tjozsika8x@va.gov,Female,88,159
323,Dermot,Finnis,dfinnis8y@geocities.com,Male,59,161
324,Lori,Benzing,lbenzing8z@oaic.gov.au,Female,70,140
325,Jeffie,Benian,jbenian90@noaa.gov,Male,131,144
326,Clarence,Markushkin,cmarkushkin91@va.gov,Male,45,187
327,Elena,Menzies,emenzies92@harvard.edu,Female,133,156
328,Shannon,Sail,ssail93@cnn.com,Male,148,176
329,Tersina,Moseley,tmoseley94@sbwire.com,Female,74,185
330,Flynn,Lambol,flambol95@pinterest.com,Male,128,160
331,Danny,Trippett,dtrippett96@stanford.edu,Female,149,178
332,Genna,MacRury,gmacrury97@privacy.gov.au,Female,67,184
333,Ivan,Caveau,icaveau98@issuu.com,Male,108,181
334,Anastasie,Pervew,apervew99@photobucket.com,Female,102,148
335,Farris,Rylatt,frylatt9a@oracle.com,Male,138,163
336,Onofredo,Toomer,otoomer9b@go.com,Male,114,170
337,Anson,Maasz,amaasz9c@wikipedia.org,Male,131,148
338,Maisie,O'Towey,motowey9d@netlog.com,Female,142,181
339,Verina,Ricards,vricards9e@mit.edu,Female,105,168
340,Lemmy,Leggin,lleggin9f@mysql.com,Male,98,155
341,Abdel,Berfoot,aberfoot9g@desdev.cn,Male,148,169
342,Benji,Adamovsky,badamovsky9h@behance.net,Male,51,146
343,Christoper,Bristowe,cbristowe9i@scientificamerican.com,Male,68,177
344,Titos,Lamming,tlamming9j@technorati.com,Male,113,188
345,Vail,Bachellier,vbachellier9k@theglobeandmail.com,Male,125,159
346,Wally,Dunnan,wdunnan9l@google.co.uk,Female,150,173
347,Freddi,Corzon,fcorzon9m@pagesperso-orange.fr,Female,54,142
348,Cirillo,Gittose,cgittose9n@sun.com,Male,100,161
349,Brendon,Braferton,bbraferton9o@cyberchimps.com,Male,89,172
350,Jon,Jossel,jjossel9p@scientificamerican.com,Male,91,157
351,Osgood,Spinas,ospinas9q@icio.us,Male,53,174
352,Lorry,Shemmin,lshemmin9r@networksolutions.com,Female,141,162
353,Ynez,Lief,ylief9s@prnewswire.com,Female,110,178
354,Yvon,Cahani,ycahani9t@desdev.cn,Male,48,142
355,Ingra,O'Kinneally,iokinneally9u@google.de,Male,82,174
356,Maximo,Polson,mpolson9v@1688.com,Male,74,140
357,Seline,Cleyne,scleyne9w@wikia.com,Female,89,167
358,Veronica,Purdey,vpurdey9x@ucla.edu,Female,93,166
359,Lucia,O'Dempsey,lodempsey9y@marriott.com,Female,67,165
360,Yoko,Hakewell,yhakewell9z@mac.com,Female,73,161
361,Diane-marie,Huyge,dhuygea0@wix.com,Female,65,182
362,Claudio,Casper,ccaspera1@w3.org,Male,70,151
363,Aundrea,Seawright,aseawrighta2@bloglines.com,Female,81,186
364,Myrah,Saller,msallera3@gravatar.com,Female,84,157
365,Tobe,Ruske,truskea4@theguardian.com,Female,64,190
366,Gabie,Rogier,grogiera5@storify.com,Female,85,145
367,Ches,Mayne,cmaynea6@youku.com,Male,91,180
368,Modesty,Dyott,mdyotta7@spotify.com,Female,84,146
369,Marcus,Larby,mlarbya8@digg.com,Male,109,162
370,Oran,Lago,olagoa9@bravesites.com,Male,67,187
371,Shelley,Landrieu,slandrieuaa@jimdo.com,Female,111,160
372,Zacharia,McGuiney,zmcguineyab@guardian.co.uk,Male,80,174
373,Magdalene,Hue,mhueac@ft.com,Female,93,183
374,Seumas,Ateridge,sateridgead@epa.gov,Male,133,140
375,Tomlin,Budnk,tbudnkae@skype.com,Male,61,164
376,Judith,Bauld,jbauldaf@feedburner.com,Female,91,152
377,Marchelle,Davidovitz,mdavidovitzag@tiny.cc,Female,137,180
378,Cristabel,Patel,cpatelah@paypal.com,Female,42,148
379,Kassi,Adamkiewicz,kadamkiewiczai@woothemes.com,Female,141,171
380,Marcello,Arnoud,marnoudaj@ca.gov,Male,76,146
381,Haley,Whyte,hwhyteak@pen.io,Male,71,188
382,Raychel,Bottomley,rbottomleyal@sphinn.com,Female,65,174
383,Henka,Jedrych,hjedrycham@etsy.com,Female,103,167
384,Gherardo,Panyer,gpanyeran@opera.com,Male,148,157
385,Ken,Jeandon,kjeandonao@google.com,Male,63,169
386,Bendick,Langan,blanganap@admin.ch,Male,69,147
387,Kay,Claydon,kclaydonaq@engadget.com,Female,108,178
388,Buddy,Crecy,bcrecyar@hexun.com,Male,128,177
389,Jorgan,Grotty,jgrottyas@biglobe.ne.jp,Male,95,174
390,Luise,Mabley,lmableyat@alexa.com,Female,70,151
391,Dynah,Gorey,dgoreyau@mtv.com,Female,143,165
392,Kevon,Dolle,kdolleav@umich.edu,Male,63,171
393,Smith,Semarke,ssemarkeaw@sourceforge.net,Male,70,163
394,Faina,Yakobovicz,fyakoboviczax@diigo.com,Female,44,165
395,Dunc,Brumham,dbrumhamay@samsung.com,Male,121,147
396,Maurizio,Carding,mcardingaz@wufoo.com,Male,44,146
397,Rodd,Morforth,rmorforthb0@ebay.co.uk,Male,41,180
398,Tiler,Wisniowski,twisniowskib1@edublogs.org,Male,108,161
399,Daisey,O'Beirne,dobeirneb2@webeden.co.uk,Female,134,148
400,Oswell,Streeten,ostreetenb3@amazon.com,Male,86,178
401,Terza,Kiendl,tkiendlb4@sun.com,Female,69,142
402,Jo-anne,Kleinmann,jkleinmannb5@feedburner.com,Female,61,144
403,Joe,Dosdell,jdosdellb6@mail.ru,Male,107,166
404,Valentin,Greet,vgreetb7@diigo.com,Male,80,186
405,Sherm,Shields,sshieldsb8@phpbb.com,Male,102,177
406,Germain,Crust,gcrustb9@comcast.net,Male,53,150
407,Alys,Lockitt,alockittba@plala.or.jp,Female,94,148
408,Carita,Thoumas,cthoumasbb@mediafire.com,Female,126,175
409,Agathe,Vaulkhard,avaulkhardbc@buzzfeed.com,Female,99,190
410,Virgil,Coldbreath,vcoldbreathbd@pbs.org,Male,81,156
411,Lenette,Sweeny,lsweenybe@hexun.com,Female,104,187
412,Paige,Cornew,pcornewbf@toplist.cz,Female,111,177
413,Eddie,Yeulet,eyeuletbg@storify.com,Male,125,141
414,Denice,Finnigan,dfinniganbh@xing.com,Female,65,151
415,Nevin,Bensley,nbensleybi@sun.com,Male,108,146
416,Carolyn,Cashell,ccashellbj@miitbeian.gov.cn,Female,86,178
417,Tamarra,Issitt,tissittbk@cnn.com,Female,63,167
418,Hatti,Augustus,haugustusbl@rakuten.co.jp,Female,61,179
419,Cathryn,Benoiton,cbenoitonbm@skype.com,Female,99,189
420,Abby,Colleton,acolletonbn@macromedia.com,Male,42,162
421,Daisie,Carloni,dcarlonibo@timesonline.co.uk,Female,48,170
422,Danny,Peter,dpeterbp@state.gov,Male,142,170
423,Syd,Cormode,scormodebq@dedecms.com,Male,147,182
424,Meggi,Bolderoe,mbolderoebr@angelfire.com,Female,71,189
425,Vinnie,McCrorie,vmccroriebs@sogou.com,Male,115,162
426,Nathanael,de Glanville,ndeglanvillebt@hhs.gov,Male,145,173
427,Caddric,Beekmann,cbeekmannbu@nymag.com,Male,106,162
428,Beniamino,Stobbes,bstobbesbv@unc.edu,Male,41,147
429,Georgianna,Littlemore,glittlemorebw@amazon.co.jp,Female,65,150
430,Olenolin,Matteoni,omatteonibx@skyrock.com,Male,130,164
431,Alecia,Thurby,athurbyby@slideshare.net,Female,106,169
432,Willa,Vallens,wvallensbz@mit.edu,Female,141,161
433,Ulick,Shalcros,ushalcrosc0@nationalgeographic.com,Male,136,176
434,Julio,O'Corrigane,jocorriganec1@sun.com,Male,52,156
435,Hamil,Ringer,hringerc2@pbs.org,Male,111,180
436,Livy,Bruneau,lbruneauc3@hud.gov,Female,83,160
437,Deva,Dunning,ddunningc4@rediff.com,Female,126,160
438,Meyer,Mereweather,mmereweatherc5@webeden.co.uk,Male,106,141
439,Josy,Cranke,jcrankec6@phpbb.com,Female,95,141
440,Halsey,Brazener,hbrazenerc7@youtube.com,Male,77,170
441,Waverly,Bordis,wbordisc8@goodreads.com,Male,140,154
442,Jarib,Innes,jinnesc9@ifeng.com,Male,149,164
443,Arch,Bradd,abraddca@xrea.com,Male,86,141
444,Leigh,Hughes,lhughescb@ted.com,Male,150,142
445,Nev,Westbury,nwestburycc@forbes.com,Male,73,163
446,Fanechka,Ruff,fruffcd@edublogs.org,Female,81,184
447,Alano,Le Sarr,alesarrce@who.int,Male,130,165
448,Cassie,Duckels,cduckelscf@ovh.net,Female,117,175
449,Hamil,Calbrathe,hcalbrathecg@ebay.com,Male,45,159
450,Sammy,O'Hogertie,sohogertiech@usa.gov,Female,131,178
451,Inglebert,Rosenbush,irosenbushci@unc.edu,Male,106,188
452,Emilio,Jewes,ejewescj@photobucket.com,Male,110,162
453,Brandi,Langrick,blangrickck@dailymotion.com,Female,107,184
454,Lonee,Alcide,lalcidecl@icq.com,Female,147,190
455,Vikky,Tottle,vtottlecm@gizmodo.com,Female,88,142
456,Jewell,Matthaus,jmatthauscn@posterous.com,Female,144,144
457,Trefor,Fitzharris,tfitzharrisco@apple.com,Male,103,160
458,Raye,Kohn,rkohncp@zdnet.com,Female,61,189
459,Gilda,Cotton,gcottoncq@cisco.com,Female,54,151
460,Zacherie,Ballham,zballhamcr@diigo.com,Male,149,175
461,Kory,Wortley,kwortleycs@mapy.cz,Male,72,170
462,Katina,Trighton,ktrightonct@engadget.com,Female,46,155
463,Reg,Deavall,rdeavallcu@biblegateway.com,Male,128,153
464,Ingemar,Lipscomb,ilipscombcv@discuz.net,Male,105,171
465,Lyndsey,Deem,ldeemcw@jigsy.com,Female,81,171
466,Wilden,Linnitt,wlinnittcx@amazon.co.uk,Male,82,151
467,Shea,Hanlin,shanlincy@soundcloud.com,Female,49,175
468,Elly,Macia,emaciacz@senate.gov,Female,103,157
469,Arleta,Bachs,abachsd0@digg.com,Female,106,159
470,Hube,Tolerton,htolertond1@seesaa.net,Male,133,172
471,Batholomew,Vertey,bverteyd2@dmoz.org,Male,68,189
472,Ruddie,Ramberg,rrambergd3@ibm.com,Male,91,164
473,Murray,Peet,mpeetd4@walmart.com,Male,55,159
474,Thomasin,Trude,ttruded5@rediff.com,Female,90,167
475,Electra,Jiri,ejirid6@themeforest.net,Female,71,166
476,Edie,Sprigin,esprigind7@gmpg.org,Female,73,144
477,Stephen,Alvarado,salvaradod8@chron.com,Male,62,165
478,Nicole,Burbridge,nburbridged9@weibo.com,Female,66,159
479,Kipper,Hattiff,khattiffda@dion.ne.jp,Male,64,161
480,Shel,Ascraft,sascraftdb@narod.ru,Female,64,164
481,Rosamund,Falconer-Taylor,rfalconertaylordc@bloglovin.com,Female,65,165
482,Estrella,Thick,ethickdd@reverbnation.com,Female,76,150
483,Dulci,Chevin,dchevinde@jiathis.com,Female,113,146
484,Jocko,Sallans,jsallansdf@mashable.com,Male,132,187
485,Antonio,Schruur,aschruurdg@weibo.com,Male,48,148
486,Kele,Emerton,kemertondh@infoseek.co.jp,Male,126,179
487,Enrico,Nardi,enardidi@icio.us,Male,122,164
488,Harv,McParlin,hmcparlindj@apple.com,Male,73,159
489,Justino,Brack,jbrackdk@bbc.co.uk,Male,76,162
490,Norry,Brushfield,nbrushfielddl@ifeng.com,Female,124,180
491,Perice,McGragh,pmcgraghdm@squarespace.com,Male,78,167
492,Tamera,Zettler,tzettlerdn@seesaa.net,Female,126,167
493,Ambros,Hum,ahumdo@mtv.com,Male,46,170
494,Josias,Flint,jflintdp@yandex.ru,Male,113,181
495,Tomkin,Hows,thowsdq@youtu.be,Male,121,159
496,Maible,Gibb,mgibbdr@nature.com,Female,108,163
497,Tamas,Ganniclifft,tganniclifftds@comcast.net,Male,136,147
498,Merissa,Fredi,mfredidt@eepurl.com,Female,96,166
499,Bendite,Pettisall,bpettisalldu@yelp.com,Female,131,157
500,Jedd,McCaughey,jmccaugheydv@vk.com,Male,104,151
501,Clem,Millhill,cmillhilldw@noaa.gov,Female,121,146
502,Vera,Sibborn,vsibborndx@webeden.co.uk,Female,81,185
503,Michail,Samsworth,msamsworthdy@toplist.cz,Male,136,144
504,Dorice,Pruce,dprucedz@nih.gov,Female,57,157
505,Roi,Rumens,rrumense0@netvibes.com,Male,126,187
506,Robbyn,Hodgen,rhodgene1@addtoany.com,Female,81,142
507,Tiffani,Libbis,tlibbise2@networkadvertising.org,Female,103,150
508,Ashely,Canete,acanetee3@51.la,Female,92,159
509,Christine,Mattingson,cmattingsone4@diigo.com,Female,106,180
510,Deanna,Finding,dfindinge5@nbcnews.com,Female,45,190
511,Bevon,Kitchingham,bkitchinghame6@netvibes.com,Male,121,174
512,Christalle,Biasetti,cbiasettie7@auda.org.au,Female,116,150
513,Tripp,Wattam,twattame8@weather.com,Male,132,166
514,Carmelina,Speaks,cspeakse9@wikipedia.org,Female,111,142
515,Brade,Loughran,bloughranea@jimdo.com,Male,147,151
516,Lucia,Whyteman,lwhytemaneb@angelfire.com,Female,131,169
517,Kyla,Jirak,kjirakec@com.com,Female,118,177
518,Lettie,Stanworth,lstanworthed@wix.com,Female,73,144
519,Nollie,Drinkhall,ndrinkhallee@omniture.com,Female,126,149
520,Bennett,Lightfoot,blightfootef@multiply.com,Male,46,188
521,Adham,Tomovic,atomoviceg@upenn.edu,Male,100,156
522,Dame,Aindrais,daindraiseh@jalbum.net,Male,85,146
523,Perl,Griswaite,pgriswaiteei@eventbrite.com,Female,99,149
524,Lissa,Simmonds,lsimmondsej@alibaba.com,Female,77,149
525,Tallou,Ollerearnshaw,tollerearnshawek@washingtonpost.com,Female,46,185
526,Issiah,Matschoss,imatschossel@ebay.co.uk,Male,93,144
527,Corry,McGifford,cmcgiffordem@naver.com,Female,92,163
528,Normy,Samweyes,nsamweyesen@oaic.gov.au,Male,59,164
529,Theda,McClure,tmcclureeo@shareasale.com,Female,112,150
530,Judi,Finnis,jfinnisep@photobucket.com,Female,47,178
531,Earvin,Jerzak,ejerzakeq@bbc.co.uk,Male,52,152
532,Kizzie,Islip,kisliper@uol.com.br,Female,50,180
533,Debbi,Marris,dmarrises@php.net,Female,138,156
534,Pearla,Gibbins,pgibbinset@miibeian.gov.cn,Female,117,148
535,Brinna,Firman,bfirmaneu@diigo.com,Female,51,176
536,Rozamond,Faloon,rfaloonev@cisco.com,Female,50,141
537,Damita,Raven,dravenew@instagram.com,Female,117,180
538,Hermia,Falla,hfallaex@dagondesign.com,Female,47,182
539,Peyton,Linstead,plinsteadey@illinois.edu,Male,118,168
540,Curry,Casterou,ccasterouez@a8.net,Male,43,157
541,Jacky,Esome,jesomef0@wisc.edu,Female,126,148
542,Raynard,Joisce,rjoiscef1@artisteer.com,Male,114,148
543,Kenyon,Jaskowicz,kjaskowiczf2@mysql.com,Male,148,177
544,Fleur,Garratty,fgarrattyf3@blogs.com,Female,147,170
545,Michele,Streatfeild,mstreatfeildf4@google.com,Female,57,148
546,Else,Fairfull,efairfullf5@sohu.com,Female,82,184
547,Marten,Bertholin,mbertholinf6@devhub.com,Male,45,164
548,Emmy,L'Episcopio,elepiscopiof7@csmonitor.com,Male,96,145
549,Clementius,Rainger,craingerf8@cnbc.com,Male,51,146
550,Pearle,Titterell,ptitterellf9@joomla.org,Female,46,162
551,Nola,Doddemeede,ndoddemeedefa@walmart.com,Female,58,152
552,Janelle,Erb,jerbfb@yale.edu,Female,126,150
553,Constanta,Winchurst,cwinchurstfc@example.com,Female,128,155
554,William,Bardill,wbardillfd@china.com.cn,Male,65,168
555,Danice,Curneen,dcurneenfe@gmpg.org,Female,139,162
556,Pen,Lyddiard,plyddiardff@accuweather.com,Male,149,184
557,Kissie,de Aguirre,kdeaguirrefg@cdbaby.com,Female,73,140
558,Nelie,McKennan,nmckennanfh@wufoo.com,Female,132,174
559,Rodina,Heenan,rheenanfi@cbslocal.com,Female,74,184
560,Lu,Rraundl,lrraundlfj@omniture.com,Female,129,179
561,Cirillo,Bidder,cbidderfk@psu.edu,Male,113,179
562,Brian,McRamsey,bmcramseyfl@drupal.org,Male,76,188
563,Midge,Bail,mbailfm@japanpost.jp,Female,114,141
564,Forester,Jenson,fjensonfn@arizona.edu,Male,127,141
565,Cosimo,Stowers,cstowersfo@taobao.com,Male,104,152
566,Ezmeralda,Corn,ecornfp@quantcast.com,Female,145,190
567,Stephen,De la Barre,sdelabarrefq@upenn.edu,Male,145,150
568,Marietta,Putt,mputtfr@digg.com,Male,122,159
569,Leola,Shipperbottom,lshipperbottomfs@privacy.gov.au,Female,100,164
570,Marylee,Hungerford,mhungerfordft@illinois.edu,Female,116,150
571,Chris,Petrosian,cpetrosianfu@behance.net,Male,45,188
572,Marcile,Give,mgivefv@about.com,Female,99,178
573,Thomasina,Pudney,tpudneyfw@themeforest.net,Female,122,190
574,Shep,Sheal,sshealfx@harvard.edu,Male,56,164
575,Kelli,Cready,kcreadyfy@auda.org.au,Female,63,158
576,Willey,Sherratt,wsherrattfz@flavors.me,Male,74,190
577,Fraze,Romero,fromerog0@ucoz.ru,Male,148,186
578,Garvy,Winteringham,gwinteringhamg1@4shared.com,Male,95,169
579,Lydie,Gladdin,lgladding2@hibu.com,Female,56,147
580,Myrtle,Riguard,mriguardg3@zimbio.com,Female,76,151
581,Vin,Darby,vdarbyg4@lulu.com,Male,81,146
582,Dulcinea,Wharlton,dwharltong5@nsw.gov.au,Female,77,182
583,Camey,Rambaut,crambautg6@uol.com.br,Male,55,165
584,Hastie,Callcott,hcallcottg7@jiathis.com,Male,50,169
585,Leonie,Elcock,lelcockg8@cisco.com,Female,56,169
586,Maryl,Attwool,mattwoolg9@businessweek.com,Female,133,161
587,Collette,McConigal,cmcconigalga@senate.gov,Female,113,170
588,Monroe,Halesworth,mhalesworthgb@miibeian.gov.cn,Male,44,164
589,Konstantine,Cosens,kcosensgc@cbsnews.com,Male,118,171
590,Whitaker,Hallford,whallfordgd@bloglines.com,Male,134,150
591,Rupert,Zavattieri,rzavattierige@mlb.com,Male,108,186
592,Joyce,Savaage,jsavaagegf@wikipedia.org,Female,54,155
593,Beverie,Mattke,bmattkegg@stumbleupon.com,Female,139,140
594,Aldwin,Gisbourn,agisbourngh@nyu.edu,Male,75,179
595,Ann-marie,Spearing,aspearinggi@feedburner.com,Female,122,175
596,Myca,Drife,mdrifegj@icq.com,Male,75,173
597,Mel,Storror,mstorrorgk@amazonaws.com,Male,50,147
598,Jedd,Quoit,jquoitgl@tripadvisor.com,Male,85,187
599,Washington,Nevinson,wnevinsongm@reuters.com,Male,70,174
600,Kore,Janouch,kjanouchgn@hc360.com,Female,102,190
601,Kingsley,Dobel,kdobelgo@multiply.com,Male,146,187
602,Janene,Lunge,jlungegp@goo.gl,Female,106,189
603,Amory,Vosper,avospergq@cnn.com,Male,136,188
604,Helen,Hornung,hhornunggr@unicef.org,Female,78,143
605,Torrance,Vedikhov,tvedikhovgs@trellian.com,Male,97,157
606,Herbert,Ratray,hratraygt@gov.uk,Male,92,188
607,Jenni,Routhorn,jrouthorngu@sina.com.cn,Female,124,159
608,Christiano,Denerley,cdenerleygv@163.com,Male,139,182
609,Howie,Rexworthy,hrexworthygw@ifeng.com,Male,58,183
610,Hobard,Bruckental,hbruckentalgx@dyndns.org,Male,55,153
611,Merci,Giroldo,mgiroldogy@phpbb.com,Female,115,143
612,Stefania,Mabley,smableygz@ovh.net,Female,46,156
613,Beverie,Sterte,bsterteh0@smugmug.com,Female,125,181
614,Ray,Gashion,rgashionh1@hostgator.com,Male,47,180
615,Elysia,Jonke,ejonkeh2@homestead.com,Female,122,152
616,Mitchel,Fury,mfuryh3@quantcast.com,Male,139,189
617,Simon,Dance,sdanceh4@stanford.edu,Male,144,184
618,Nichole,Sayes,nsayesh5@dedecms.com,Female,63,176
619,Kelby,Darrel,kdarrelh6@dell.com,Male,99,183
620,Thelma,Rivenzon,trivenzonh7@soundcloud.com,Female,102,145
621,Creighton,Giacovelli,cgiacovellih8@arizona.edu,Male,107,178
622,Sanders,Bourgaize,sbourgaizeh9@networkadvertising.org,Male,104,157
623,Salomone,Pamment,spammentha@irs.gov,Male,142,173
624,Glenine,Apps,gappshb@bloomberg.com,Female,105,178
625,Demeter,Hullah,dhullahhc@i2i.jp,Female,108,154
626,Davie,Elleyne,delleynehd@tinyurl.com,Male,132,148
627,Devi,Colpus,dcolpushe@google.pl,Female,40,141
628,Jodi,Kinningley,jkinningleyhf@istockphoto.com,Male,78,158
629,Minnie,Barlthrop,mbarlthrophg@imageshack.us,Female,59,143
630,Mattheus,Rauprich,mrauprichhh@lycos.com,Male,140,177
631,Scotti,Cambell,scambellhi@reverbnation.com,Male,135,151
632,Kaleena,Schoenfisch,kschoenfischhj@dailymotion.com,Female,123,159
633,Joana,Mackelworth,jmackelworthhk@over-blog.com,Female,127,156
634,Lainey,Louca,lloucahl@pcworld.com,Female,86,175
635,Rodie,McLaughlan,rmclaughlanhm@opensource.org,Female,87,186
636,Nobe,Finlay,nfinlayhn@scribd.com,Male,68,164
637,Claudell,Skirven,cskirvenho@addthis.com,Male,84,140
638,Rodger,Eller,rellerhp@indiatimes.com,Male,72,187
639,Roselin,Vicioso,rviciosohq@google.fr,Female,56,163
640,Duncan,Quest,dquesthr@bluehost.com,Male,49,146
641,Ingmar,Larner,ilarnerhs@ucla.edu,Male,127,156
642,Grange,Oak,goakht@psu.edu,Male,76,190
643,Augustin,Hartness,ahartnesshu@1und1.de,Male,58,149
644,Sly,Greggersen,sgreggersenhv@home.pl,Male,71,168
645,Tann,Swedeland,tswedelandhw@alibaba.com,Male,124,152
646,Reynard,Mitskevich,rmitskevichhx@whitehouse.gov,Male,103,183
647,Ynes,Benes,ybeneshy@mapy.cz,Female,128,152
648,Bailie,Calvey,bcalveyhz@icq.com,Male,73,157
649,Adrienne,Scipsey,ascipseyi0@msu.edu,Female,126,140
650,Shelby,Bresnen,sbresneni1@gov.uk,Male,149,156
651,Rori,Gilgryst,rgilgrysti2@ezinearticles.com,Female,58,190
652,Con,MacTurlough,cmacturloughi3@nps.gov,Female,48,162
653,Ron,Radden,rraddeni4@ycombinator.com,Male,47,154
654,Delila,Mucci,dmuccii5@toplist.cz,Female,94,166
655,Rose,Whittet,rwhitteti6@xinhuanet.com,Female,61,153
656,Maureen,Nattrass,mnattrassi7@yellowpages.com,Female,119,171
657,Jammal,Martinovsky,jmartinovskyi8@dailymail.co.uk,Male,116,177
658,Barr,Need,bneedi9@live.com,Male,88,179
659,Carlen,Witnall,cwitnallia@jimdo.com,Female,70,188
660,Simmonds,MacSherry,smacsherryib@indiatimes.com,Male,79,144
661,Katey,Philippeaux,kphilippeauxic@webs.com,Female,120,164
662,Rubie,Shank,rshankid@theatlantic.com,Female,146,180
663,Kennedy,Rangall,krangallie@google.ru,Male,132,181
664,Maire,Pedracci,mpedracciif@whitehouse.gov,Female,139,176
665,Andrus,Culleton,aculletonig@time.com,Male,42,170
666,Spike,Di Biasio,sdibiasioih@huffingtonpost.com,Male,118,168
667,Mona,Kensington,mkensingtonii@ucsd.edu,Female,128,154
668,Bo,Mathwin,bmathwinij@rakuten.co.jp,Male,89,173
669,Lois,Greenan,lgreenanik@imgur.com,Female,126,186
670,Erik,Huscroft,ehuscroftil@un.org,Male,87,140
671,Karna,Tatchell,ktatchellim@ow.ly,Female,61,155
672,Fanni,Risso,frissoin@alexa.com,Female,98,185
673,Farrel,Nuttall,fnuttallio@shinystat.com,Male,55,160
674,Eachelle,Gerhardt,egerhardtip@comsenz.com,Female,48,160
675,Maud,Hugill,mhugilliq@merriam-webster.com,Female,71,161
676,Lorant,Rosenthaler,lrosenthalerir@elpais.com,Male,96,150
677,Corbett,O'Docherty,codochertyis@gravatar.com,Male,84,185
678,Frazier,MacIntosh,fmacintoshit@nba.com,Male,43,180
679,Hubey,Davage,hdavageiu@google.de,Male,85,144
680,Nissa,Deedes,ndeedesiv@qq.com,Female,65,189
681,Galvan,Cowden,gcowdeniw@free.fr,Male,113,144
682,Spencer,Perelli,sperelliix@eventbrite.com,Male,62,181
683,Morley,Trevascus,mtrevascusiy@opensource.org,Male,66,181
684,Isabel,Kyteley,ikyteleyiz@odnoklassniki.ru,Female,117,152
685,Briana,Whittenbury,bwhittenburyj0@goodreads.com,Female,147,161
686,Gae,Kilby,gkilbyj1@jugem.jp,Female,128,182
687,Louis,Helleckas,lhelleckasj2@google.cn,Male,142,158
688,Micheline,Edwins,medwinsj3@cnbc.com,Female,144,176
689,Ema,Juszczyk,ejuszczykj4@homestead.com,Female,67,164
690,Ashlee,Kiloh,akilohj5@psu.edu,Female,107,165
691,Ralina,Huntley,rhuntleyj6@europa.eu,Female,42,162
692,Scottie,Latchford,slatchfordj7@loc.gov,Male,71,187
693,Jessy,McKintosh,jmckintoshj8@sogou.com,Female,71,160
694,Juline,Balcock,jbalcockj9@a8.net,Female,110,170
695,Ermina,Dorbin,edorbinja@uiuc.edu,Female,73,165
696,Codi,McCord,cmccordjb@artisteer.com,Male,105,148
697,Hyacinth,Le Blanc,hleblancjc@theglobeandmail.com,Female,44,181
698,Constance,McGifford,cmcgiffordjd@miitbeian.gov.cn,Female,71,166
699,Norene,Shilito,nshilitoje@domainmarket.com,Female,148,150
700,Harwell,Tuffin,htuffinjf@sogou.com,Male,144,184
701,Trey,Barosch,tbaroschjg@ihg.com,Male,100,185
702,Artemus,Boscher,aboscherjh@bloomberg.com,Male,76,164
703,Madlin,Rawe,mraweji@com.com,Female,70,140
704,Augustin,Monkleigh,amonkleighjj@blinklist.com,Male,124,178
705,Sim,Parlot,sparlotjk@earthlink.net,Male,103,140
706,Coral,Lowin,clowinjl@wikipedia.org,Female,92,165
707,Clement,Fuidge,cfuidgejm@epa.gov,Male,125,142
708,Shepperd,Detoile,sdetoilejn@dagondesign.com,Male,104,145
709,Illa,Linke,ilinkejo@ca.gov,Female,143,165
710,Aubert,Vaudre,avaudrejp@slate.com,Male,51,186
711,Armstrong,Hatchell,ahatchelljq@artisteer.com,Male,143,145
712,Mitchael,Besse,mbessejr@sakura.ne.jp,Male,112,143
713,Sherilyn,Prandin,sprandinjs@google.de,Female,40,173
714,Moises,Menghi,mmenghijt@biblegateway.com,Male,52,160
715,Heda,Tampin,htampinju@google.co.jp,Female,107,151
716,Marge,Wigginton,mwiggintonjv@canalblog.com,Female,136,161
717,Sutherlan,Pauletti,spaulettijw@pinterest.com,Male,63,180
718,Norene,Krolle,nkrollejx@house.gov,Female,44,158
719,Nicolette,Oiseau,noiseaujy@tuttocitta.it,Female,58,190
720,Colver,Coverdill,ccoverdilljz@amazon.co.uk,Male,150,180
721,Glenna,Lean,gleank0@quantcast.com,Female,144,164
722,Steven,Andrysek,sandrysekk1@linkedin.com,Male,77,158
723,Lynnelle,Kores,lkoresk2@google.pl,Female,62,149
724,Braden,Sawl,bsawlk3@reference.com,Male,46,177
725,Chrissy,Brandham,cbrandhamk4@businessinsider.com,Female,87,188
726,Herold,Peel,hpeelk5@fc2.com,Male,99,142
727,Tam,Lytlle,tlytllek6@deviantart.com,Male,74,188
728,Mikey,Church,mchurchk7@aboutads.info,Male,104,153
729,Tatiania,Lipmann,tlipmannk8@t-online.de,Female,47,143
730,Ardelle,Georgeou,ageorgeouk9@cnet.com,Female,133,140
731,Sidnee,McKeon,smckeonka@ning.com,Male,133,158
732,Far,Tongs,ftongskb@spiegel.de,Male,90,181
733,Neel,Drei,ndreikc@yolasite.com,Male,82,182
734,Andriette,Alenin,aaleninkd@mapquest.com,Female,67,145
735,Jonathan,McClymond,jmcclymondke@businessinsider.com,Male,62,188
736,Wynnie,Guthrum,wguthrumkf@arstechnica.com,Female,70,185
737,Antonietta,Ernke,aernkekg@accuweather.com,Female,112,179
738,Shadow,Pavie,spaviekh@gmpg.org,Male,121,187
739,Nicola,MacRannell,nmacrannellki@issuu.com,Female,105,188
740,Cointon,Finnick,cfinnickkj@elegantthemes.com,Male,111,170
741,Obed,Markson,omarksonkk@github.com,Male,89,178
742,Willy,Dulinty,wdulintykl@youtube.com,Male,104,168
743,Reamonn,Cadigan,rcadigankm@ox.ac.uk,Male,148,178
744,Gerladina,Curley,gcurleykn@kickstarter.com,Female,95,147
745,Bianka,Danzey,bdanzeyko@wiley.com,Female,147,140
746,Lavina,Abdee,labdeekp@wikipedia.org,Female,60,170
747,Sondra,Barrat,sbarratkq@toplist.cz,Female,49,189
748,Andrea,Foucher,afoucherkr@mayoclinic.com,Male,139,185
749,Nathanil,Brunicke,nbrunickeks@tumblr.com,Male,134,186
750,Alina,McCarthy,amccarthykt@mail.ru,Female,131,176
751,Lib,Caldayrou,lcaldayrouku@alexa.com,Female,116,184
752,Aksel,Murrie,amurriekv@artisteer.com,Male,117,152
753,Rozele,Loughnan,rloughnankw@marketwatch.com,Female,87,175
754,Muhammad,Brugman,mbrugmankx@etsy.com,Male,111,161
755,Atlante,Gleave,agleaveky@vk.com,Female,91,151
756,Mikel,Sallinger,msallingerkz@ucoz.ru,Male,49,142
757,Nana,Thaine,nthainel0@aboutads.info,Female,141,188
758,Tommie,Coundley,tcoundleyl1@gmpg.org,Female,117,187
759,Trista,Pearce,tpearcel2@jigsy.com,Female,134,160
760,Grady,Plumstead,gplumsteadl3@go.com,Male,135,150
761,Maribeth,Buddles,mbuddlesl4@europa.eu,Female,84,161
762,Valenka,Pickle,vpicklel5@bluehost.com,Female,51,174
763,Ruby,Belderson,rbeldersonl6@bloglines.com,Female,68,151
764,Carmina,Rowesby,crowesbyl7@alexa.com,Female,130,143
765,Federico,Stoves,fstovesl8@scribd.com,Male,69,150
766,Barnie,Bruckental,bbruckentall9@spotify.com,Male,56,170
767,Jodie,Grzes,jgrzesla@wsj.com,Female,148,140
768,Susi,Instone,sinstonelb@shutterfly.com,Female,68,175
769,Kim,Bouldstridge,kbouldstridgelc@macromedia.com,Female,130,168
770,Peta,Augur,paugurld@wikipedia.org,Female,131,164
771,Claudius,Waddams,cwaddamsle@adobe.com,Male,130,142
772,Onfre,Marlowe,omarlowelf@house.gov,Male,150,161
773,Shanda,Josefovic,sjosefoviclg@umn.edu,Female,86,164
774,Delphinia,Locker,dlockerlh@theglobeandmail.com,Female,80,145
775,Naomi,Gath,ngathli@google.com.br,Female,97,167
776,Carley,Tatersale,ctatersalelj@wikipedia.org,Female,47,176
777,Harri,Sawl,hsawllk@tripadvisor.com,Female,93,161
778,Doe,Lehon,dlehonll@surveymonkey.com,Female,51,172
779,Kendricks,Verty,kvertylm@diigo.com,Male,41,150
780,Beverie,Levay,blevayln@hatena.ne.jp,Female,96,150
781,Sigvard,Schuck,sschucklo@free.fr,Male,79,186
782,Shoshana,Giraldo,sgiraldolp@tamu.edu,Female,113,175
783,Merline,McGoon,mmcgoonlq@unicef.org,Female,60,189
784,Sheelah,Dumbell,sdumbelllr@mediafire.com,Female,94,149
785,Chico,Beals,cbealsls@meetup.com,Male,64,156
786,Waverley,Quirke,wquirkelt@weebly.com,Male,55,180
787,Heath,Beatson,hbeatsonlu@hexun.com,Male,54,166
788,Buddie,Worgan,bworganlv@merriam-webster.com,Male,123,144
789,Oriana,Bohler,obohlerlw@pen.io,Female,102,162
790,Anett,Gheerhaert,agheerhaertlx@etsy.com,Female,129,181
791,Daune,Phillis,dphillisly@com.com,Female,69,160
792,Erie,Belden,ebeldenlz@bloglines.com,Male,108,147
793,Maxy,McDowall,mmcdowallm0@github.com,Female,119,169
794,Flin,Skitteral,fskitteralm1@nasa.gov,Male,132,173
795,Kendricks,Christol,kchristolm2@zimbio.com,Male,136,182
796,Cherise,Bywater,cbywaterm3@alexa.com,Female,44,187
797,August,Ruppeli,aruppelim4@techcrunch.com,Male,83,156
798,Lenore,Dahmke,ldahmkem5@nps.gov,Female,103,142
799,Carrie,Lorenzin,clorenzinm6@elegantthemes.com,Female,91,178
800,Berkly,Zincke,bzinckem7@hhs.gov,Male,145,149
801,Sascha,Marron,smarronm8@intel.com,Male,86,163
802,Tova,Yandle,tyandlem9@bandcamp.com,Female,52,152
803,Ludovico,Wheeldon,lwheeldonma@shinystat.com,Male,57,159
804,Palm,MacCheyne,pmaccheynemb@google.com.br,Male,124,152
805,Caren,Saffer,csaffermc@scribd.com,Female,42,182
806,Reggy,Barracks,rbarracksmd@umich.edu,Male,101,168
807,Tremayne,Walkingshaw,twalkingshawme@cdbaby.com,Male,123,142
808,Randie,Clohessy,rclohessymf@rambler.ru,Male,142,163
809,Kristien,Kleinmann,kkleinmannmg@guardian.co.uk,Female,117,145
810,Karry,Laffoley-Lane,klaffoleylanemh@noaa.gov,Female,129,158
811,Minnnie,Birchall,mbirchallmi@clickbank.net,Female,100,178
812,Jude,Greenleaf,jgreenleafmj@biblegateway.com,Male,109,166
813,Urbanus,Howick,uhowickmk@oracle.com,Male,82,162
814,Randie,Denington,rdeningtonml@t.co,Male,126,155
815,Ingunna,Guillford,iguillfordmm@bing.com,Female,80,187
816,Ody,Pretley,opretleymn@github.com,Male,99,179
817,Davis,Ivankin,divankinmo@techcrunch.com,Male,104,143
818,Lari,Wimpress,lwimpressmp@tamu.edu,Female,96,173
819,Derek,Colebeck,dcolebeckmq@china.com.cn,Male,98,142
820,Lexine,Wrightam,lwrightammr@smh.com.au,Female,106,180
821,Adrian,Noton,anotonms@hexun.com,Female,99,185
822,Bertie,Moriarty,bmoriartymt@gizmodo.com,Female,94,142
823,Madge,Shepcutt,mshepcuttmu@yellowbook.com,Female,121,166
824,Alene,Tullis,atullismv@unesco.org,Female,59,167
825,Bowie,McEnteggart,bmcenteggartmw@cam.ac.uk,Male,117,166
826,Vivyanne,Battill,vbattillmx@constantcontact.com,Female,102,163
827,Michale,O'Hare,moharemy@mlb.com,Male,118,145
828,Marchelle,Patrickson,mpatricksonmz@yahoo.co.jp,Female,64,183
829,Grove,Jagson,gjagsonn0@chicagotribune.com,Male,42,170
830,Veriee,Piatkowski,vpiatkowskin1@weibo.com,Female,68,171
831,Sharai,Harnetty,sharnettyn2@nasa.gov,Female,54,169
832,Saxon,Skeech,sskeechn3@jiathis.com,Male,141,167
833,Aline,McGilvra,amcgilvran4@auda.org.au,Female,127,180
834,Floyd,Dows,fdowsn5@gravatar.com,Male,43,164
835,Winn,Lampbrecht,wlampbrechtn6@gov.uk,Male,59,147
836,Adelaide,Howsam,ahowsamn7@soup.io,Female,64,144
837,Lock,Ollin,lollinn8@arstechnica.com,Male,131,151
838,Fransisco,Cowdroy,fcowdroyn9@google.pl,Male,65,159
839,Rudolph,MacLise,rmaclisena@liveinternet.ru,Male,73,147
840,Tamra,Trimmell,ttrimmellnb@angelfire.com,Female,149,186
841,Kain,Sesons,ksesonsnc@slideshare.net,Male,86,175
842,Angie,Bunten,abuntennd@fc2.com,Female,99,174
843,Chev,Leuchars,cleucharsne@example.com,Male,51,143
844,Sofia,Kuhnel,skuhnelnf@spotify.com,Female,114,180
845,Yuma,Keyden,ykeydenng@wikimedia.org,Male,54,182
846,Gerardo,Sautter,gsautternh@mapy.cz,Male,91,158
847,Appolonia,Wenham,awenhamni@merriam-webster.com,Female,137,186
848,Nertie,Mollene,nmollenenj@w3.org,Female,63,187
849,Tansy,Shingler,tshinglernk@sina.com.cn,Female,122,181
850,Harry,Cay,hcaynl@goo.gl,Male,76,181
851,Huntley,Rosa,hrosanm@etsy.com,Male,58,148
852,Estelle,Redding,ereddingnn@cbslocal.com,Female,59,171
853,Katrinka,Jennions,kjennionsno@miitbeian.gov.cn,Female,70,154
854,Carole,Scolts,cscoltsnp@shareasale.com,Female,113,181
855,Rickie,Richardt,rrichardtnq@indiatimes.com,Female,132,150
856,Birgitta,Alexandre,balexandrenr@posterous.com,Female,86,156
857,Koren,McClymont,kmcclymontns@sun.com,Female,58,140
858,Addy,Swatten,aswattennt@edublogs.org,Female,88,189
859,Eamon,Abrashkin,eabrashkinnu@toplist.cz,Male,113,165
860,Theresa,Craighill,tcraighillnv@youtube.com,Female,110,187
861,Tyrone,Shannahan,tshannahannw@youtu.be,Male,98,148
862,Zorana,Abramchik,zabramchiknx@census.gov,Female,85,149
863,Ange,Abson,aabsonny@hp.com,Female,132,172
864,Pru,Swinney,pswinneynz@is.gd,Female,91,179
865,Mendy,Dymick,mdymicko0@admin.ch,Male,91,177
866,Hyatt,Beasleigh,hbeasleigho1@mapy.cz,Male,91,159
867,Matti,Liddon,mliddono2@smugmug.com,Female,112,175
868,Clerc,Bigby,cbigbyo3@indiegogo.com,Male,118,167
869,Vasili,Duffree,vduffreeo4@cnbc.com,Male,110,162
870,Donn,Dalli,ddallio5@gizmodo.com,Male,105,142
871,Stevie,Ladson,sladsono6@addtoany.com,Male,126,164
872,Crosby,Heeley,cheeleyo7@msu.edu,Male,53,175
873,Chadd,Domenge,cdomengeo8@unblog.fr,Male,79,179
874,Nealy,Wetter,nwettero9@acquirethisname.com,Male,41,168
875,Jayme,Sydney,jsydneyoa@wordpress.com,Male,42,142
876,Caleb,Jiroudek,cjiroudekob@umich.edu,Male,109,180
877,Gilemette,Leaburn,gleaburnoc@kickstarter.com,Female,47,151
878,Perceval,McGorman,pmcgormanod@storify.com,Male,53,189
879,Parke,Teesdale,pteesdaleoe@japanpost.jp,Male,44,183
880,Rosamund,Fulker,rfulkerof@dropbox.com,Female,50,142
881,Robby,Moohan,rmoohanog@nature.com,Female,148,154
882,Noami,Higgoe,nhiggoeoh@ftc.gov,Female,90,154
883,Deny,Braunston,dbraunstonoi@sciencedirect.com,Female,115,161
884,Raleigh,Geany,rgeanyoj@tumblr.com,Male,72,153
885,Osbert,Loche,olocheok@typepad.com,Male,51,189
886,Gerardo,Tommeo,gtommeool@wp.com,Male,45,156
887,Anetta,Pedycan,apedycanom@china.com.cn,Female,95,173
888,Carole,Maffetti,cmaffettion@bing.com,Female,59,163
889,Madelyn,Robatham,mrobathamoo@photobucket.com,Female,146,143
890,Mord,Torfin,mtorfinop@bing.com,Male,74,151
891,Whit,Bragger,wbraggeroq@zdnet.com,Male,40,142
892,Ranee,Cardillo,rcardilloor@uiuc.edu,Female,148,186
893,Terry,Stitle,tstitleos@utexas.edu,Male,138,188
894,Randal,Normanvell,rnormanvellot@reddit.com,Male,40,167
895,Kennedy,Wolfindale,kwolfindaleou@hao123.com,Male,122,150
896,Elisa,Cashin,ecashinov@unesco.org,Female,110,172
897,Clim,Sijmons,csijmonsow@pbs.org,Male,145,173
898,Esme,Heaney`,eheaneyox@hc360.com,Female,114,165
899,Sherwood,Lemmertz,slemmertzoy@unblog.fr,Male,81,151
900,Rosamond,Colbridge,rcolbridgeoz@army.mil,Female,126,145
901,Murial,Aleksandrov,maleksandrovp0@apple.com,Female,125,157
902,Merralee,Tyer,mtyerp1@redcross.org,Female,145,154
903,Judah,Girardeau,jgirardeaup2@narod.ru,Male,111,170
904,Cristian,Cheer,ccheerp3@timesonline.co.uk,Male,93,171
905,Grady,Tullis,gtullisp4@lulu.com,Male,134,149
906,Cher,Balsdone,cbalsdonep5@nature.com,Female,93,189
907,Raviv,Dempster,rdempsterp6@nydailynews.com,Male,76,172
908,Noe,Matisse,nmatissep7@biblegateway.com,Male,94,180
909,Elwyn,Gilliver,egilliverp8@hud.gov,Male,95,152
910,Enrika,Foulcher,efoulcherp9@adobe.com,Female,138,185
911,Felicity,Triswell,ftriswellpa@ask.com,Female,61,181
912,Fleming,Moston,fmostonpb@vimeo.com,Male,117,141
913,Gardener,Canwell,gcanwellpc@goo.ne.jp,Male,73,156
914,Penelope,Stieger,pstiegerpd@hatena.ne.jp,Female,131,165
915,Gabi,Cocklin,gcocklinpe@blogs.com,Female,99,176
916,Zacherie,Johncey,zjohnceypf@nationalgeographic.com,Male,134,163
917,Olga,Kruszelnicki,okruszelnickipg@europa.eu,Female,59,166
918,Armin,Brotherick,abrotherickph@addtoany.com,Male,114,187
919,April,Dongall,adongallpi@upenn.edu,Female,47,155
920,Milty,Olivazzi,molivazzipj@skyrock.com,Male,115,163
921,Izabel,Ghidini,ighidinipk@youtu.be,Female,99,189
922,Hastie,Sinnott,hsinnottpl@acquirethisname.com,Male,56,143
923,Gabey,Lamperti,glampertipm@aboutads.info,Female,87,147
924,Florencia,Clowser,fclowserpn@toplist.cz,Female,111,189
925,Luciano,O'Kennavain,lokennavainpo@unblog.fr,Male,100,188
926,Huberto,Eite,heitepp@reference.com,Male,102,160
927,Lianne,Bonevant,lbonevantpq@seesaa.net,Female,144,180
928,Shelley,Gisbourn,sgisbournpr@eepurl.com,Male,101,189
929,Pierson,Hacquel,phacquelps@canalblog.com,Male,112,160
930,Jasun,Leaman,jleamanpt@yellowpages.com,Male,125,160
931,Napoleon,Buckam,nbuckampu@accuweather.com,Male,117,141
932,Valentia,Wharf,vwharfpv@google.pl,Female,46,153
933,Sapphire,Minichi,sminichipw@jiathis.com,Female,89,162
934,Pryce,Zanassi,pzanassipx@51.la,Male,66,159
935,Dory,Jedrzejewsky,djedrzejewskypy@e-recht24.de,Male,108,147
936,Denyse,Fridaye,dfridayepz@blogspot.com,Female,122,159
937,Norine,Cadge,ncadgeq0@nyu.edu,Female,100,174
938,Tore,Denholm,tdenholmq1@apache.org,Male,60,190
939,Melicent,Peat,mpeatq2@java.com,Female,80,188
940,Nate,Kunath,nkunathq3@princeton.edu,Male,50,144
941,Renaldo,Wadge,rwadgeq4@themeforest.net,Male,133,144
942,Clair,Acosta,cacostaq5@usda.gov,Female,126,167
943,Darell,Seamer,dseamerq6@technorati.com,Female,76,177
944,Electra,Bernardt,ebernardtq7@wikipedia.org,Female,102,179
945,Cherida,Daws,cdawsq8@creativecommons.org,Female,47,151
946,Cornelle,Rosenthaler,crosenthalerq9@upenn.edu,Female,77,168
947,Pacorro,Haslock,phaslockqa@discovery.com,Male,75,178
948,Kipper,Pettigrew,kpettigrewqb@cyberchimps.com,Male,41,184
949,Netty,McLise,nmcliseqc@techcrunch.com,Female,92,180
950,Frederic,Wreath,fwreathqd@dailymotion.com,Male,77,174
951,Zedekiah,Dearell,zdearellqe@so-net.ne.jp,Male,89,141
952,Guthrey,Janaud,gjanaudqf@geocities.com,Male,97,179
953,Aubrette,Fieldstone,afieldstoneqg@fema.gov,Female,119,183
954,Zonnya,Maplethorpe,zmaplethorpeqh@ihg.com,Female,61,141
955,Lorianna,Clarycott,lclarycottqi@timesonline.co.uk,Female,121,143
956,Adrien,Genery,ageneryqj@symantec.com,Male,93,159
957,Cass,Doberer,cdobererqk@nasa.gov,Male,110,183
958,Worden,McInility,wmcinilityql@sina.com.cn,Male,109,155
959,Clara,Rosina,crosinaqm@jiathis.com,Female,107,160
960,Garik,Cartwight,gcartwightqn@elegantthemes.com,Male,142,167
961,Oona,Wake,owakeqo@edublogs.org,Female,58,172
962,Allyn,Harriot,aharriotqp@cdc.gov,Male,46,176
963,Hobey,Kiehnlt,hkiehnltqq@java.com,Male,121,149
964,Myra,Slowcock,mslowcockqr@123-reg.co.uk,Female,77,154
965,Vanya,MacAndrew,vmacandrewqs@ask.com,Female,81,172
966,Bev,Mersh,bmershqt@foxnews.com,Male,90,164
967,Camila,Kubek,ckubekqu@blinklist.com,Female,132,176
968,Orel,Logie,ologieqv@photobucket.com,Female,71,167
969,Franciskus,Radband,fradbandqw@ed.gov,Male,101,145
970,Lizette,Bahde,lbahdeqx@washington.edu,Female,109,172
971,Gloriana,Switland,gswitlandqy@foxnews.com,Female,78,165
972,Theda,Clemmitt,tclemmittqz@tumblr.com,Female,105,150
973,Maribeth,Taggerty,mtaggertyr0@photobucket.com,Female,79,144
974,Edd,Chason,echasonr1@usnews.com,Male,111,190
975,Audra,Dressel,adresselr2@latimes.com,Female,134,175
976,Olag,Sisley,osisleyr3@gizmodo.com,Male,116,166
977,Milly,Caush,mcaushr4@simplemachines.org,Female,141,145
978,Cheston,Bleacher,cbleacherr5@shinystat.com,Male,132,145
979,Julissa,Chetwin,jchetwinr6@prnewswire.com,Female,73,154
980,Trip,Corbett,tcorbettr7@ucsd.edu,Male,141,166
981,Lilias,Gelletly,lgelletlyr8@nyu.edu,Female,86,154
982,Thomasin,Rochford,trochfordr9@prlog.org,Female,98,143
983,Giffer,Kennler,gkennlerra@deviantart.com,Male,61,159
984,Audre,Union,aunionrb@phpbb.com,Female,82,141
985,Wynn,Rapo,wraporc@ameblo.jp,Male,134,140
986,Aaren,Bogie,abogierd@usatoday.com,Female,96,145
987,Dore,Fraschini,dfraschinire@zdnet.com,Male,46,157
988,Claudius,Trinbey,ctrinbeyrf@upenn.edu,Male,84,187
989,Hildagard,Fallen,hfallenrg@friendfeed.com,Female,120,190
990,Annadiane,Filasov,afilasovrh@nbcnews.com,Female,52,171
991,Concordia,Jemmett,cjemmettri@reuters.com,Female,141,140
992,Hadley,Crowdson,hcrowdsonrj@arizona.edu,Male,64,182
993,Dave,Rubinowitz,drubinowitzrk@xing.com,Male,82,154
994,Ralina,Oels,roelsrl@feedburner.com,Female,65,146
995,Boot,Skentelbery,bskentelberyrm@timesonline.co.uk,Male,76,155
996,Zorine,Fitzsymonds,zfitzsymondsrn@barnesandnoble.com,Female,63,190
997,Garrek,Kem,gkemro@i2i.jp,Male,112,172
998,Devin,Beatens,dbeatensrp@themeforest.net,Male,84,142
999,Valentia,Amort,vamortrq@dyndns.org,Female,114,175
1000,Moore,Pegram,mpegramrr@clickbank.net,Male,94,155
